ISP,State-Reporting,Enrollment-Free and Reduced,Operating Days,Breakfast Meals-Free and Reduced,Lunch Meals-Free and Reduced,BAB Implementation Date from Grants Data,Breakfast Delivery Model from Other Source-Standardized,Breakfast Delivery Model from State Agency Tracking-Standardized,Breakfast Delivery Model from Campaign Tracking Data-Standardized,Breakfast Delivery Model from Innovations Data-Standardized,Breakfast Delivery Model from Grants Data-Standardized,School Type-Standardized,School Level-Standardized,FR Enrollment Percentage,FR Enrollment,Target Area,NCES ID,Unique ID,FR Breakfast ADP,FR Breakfast Meals,FR Lunch ADP,FR Lunch Meals,"BAB Implementation Date Other Source, Note Source Here",BAB Implementation Date from Other Source,BAB Implementation Date from State Agency Tracking,BAB Implementation Date from Campaign Tracking Data,"Breakfast Delivery Model from Other Source, Note Source Here",Breakfast Delivery Model from Other Source-Original,Breakfast Delivery Model from State Agency Tracking-Original,Breakfast Delivery Model from Campaign Tracking Data-Original,Breakfast Meals-Paid,Lunch Meals-Paid,Enrollment-Paid,Enrollment-Total,Claim Year,Claim Month,Claim Date,Universal Free (Y/N),Provision 3 (Y/N),Provision 2 (Y/N),Provision 1 (Y/N),CEP (Y/N),School Type-Original,School Level-Original,Street Address-Line 2,Street Address-Line 1,Zip Code,City,County,State-Physical,School Name,School ID,School Year,District ID,District Name,Operating Days-Breakfast Only,Operating Days-Lunch Only,Enrollment-Free,Enrollment-Reduced,Breakfast Meals-Free,Lunch Meals-Free,Breakfast Meals-Reduced,Lunch Meals-Reduced
,AR,,,,,,,,,,,,,,430,,,AR@000@6040-000,241.005319149,45309,274.712765957,51646,,,,,,,,,,,,,,,,,,,,,,,,,,,,,,,SY18-19,6040-000,ACADEMIC PLUS SD,188,188,323,107,37592,41385,7717,10261
,AR,,,,,,,,,,,,,,1807,,,AR@000@1701-000,911.883977901,165051,1091.419889503,197547,,,,,,,,,,,,,,,,,,,,,,,,,,,,,,,SY18-19,1701-000,ALMA SD,181,181,1390,417,132707,163336,32344,34211
,AR,,,,,,,,,,,,,,409,,,AR@000@0501-000,181.659090909,31972,245.852272727,43270,,,,,,,,,,,,,,,,,,,,,,,,,,,,,,,SY18-19,0501-000,ALPENA SD,176,176,327,82,28180,37200,3792,6070
,AR,,,,,,,,,,,,,,72,,,AR@000@6091-000,28.491525424,5043,47.902857143,8383,,,,,,,,,,,,,,,,,,,,,,,,,,,,,,,SY18-19,6091-000,AR SCHOOL F/T BLIND SD,177,175,66,6,4737,7742,306,641
,AR,,,,,,,,,,,,,,100,,,AR@000@6092-000,48.636363636,8560,59.375,10450,,,,,,,,,,,,,,,,,,,,,,,,,,,,,,,SY18-19,6092-000,AR SCHOOL F/T DEAF SD,176,176,78,22,6865,8312,1695,2138
,AR,,,,,,,,,,,,,,1121,,,AR@000@1002-000,494.275280899,87981,707.382022472,125914,,,,,,,,,,,,,,,,,,,,,,,,,,,,,,,SY18-19,1002-000,ARKADELPHIA SD,178,178,896,225,74603,106244,13378,19670
,AR,,,,,,,,,,,,,,305,,,AR@000@0440-000,69.124293785,12235,195.333333333,34574,,,,,,,,,,,,,,,,,,,,,,,,,,,,,,,SY18-19,0440-000,ARKANSAS ARTS ACADEMY SD,177,177,235,70,10147,27852,2088,6722
,AR,,,,,,,,,,,,,,222,,,AR@000@4701-000,73.090909091,12864,126.5,22264,,,,,,,,,,,,,,,,,,,,,,,,,,,,,,,SY18-19,4701-000,ARMOREL SD,176,176,156,66,10100,16987,2764,5277
,AR,,,,,,,,,,,,,,1133,,,AR@000@4101-000,366.140449438,65173,631.971910112,112491,,,,,,,,,,,,,,,,,,,,,,,,,,,,,,,SY18-19,4101-000,ASHDOWN SD,178,178,973,160,58382,98768,6791,13723
,AR,,,,,,,,,,,,,,753,,,AR@000@5801-000,275.674157303,49070,522.949438202,93085,,,,,,,,,,,,,,,,,,,,,,,,,,,,,,,SY18-19,5801-000,ATKINS SD,178,178,625,128,41669,77315,7401,15770
,AR,,,,,,,,,,,,,,428,,,AR@000@7401-000,238.102857143,41668,322.84,56497,,,,,,,,,,,,,,,,,,,,,,,,,,,,,,,SY18-19,7401-000,AUGUSTA SD,175,175,428,0,41668,56497,0,0
,AR,,,,,,,,,,,,,,903,,,AR@000@7301-000,293.146067416,52180,537.702247191,95711,,,,,,,,,,,,,,,,,,,,,,,,,,,,,,,SY18-19,7301-000,BALD KNOB SD,178,178,728,175,43553,80611,8627,15100
,AR,,,,,,,,,,,,,,648,,,AR@000@5401-000,189.494382022,33730,453.028089888,80639,,,,,,,,,,,,,,,,,,,,,,,,,,,,,,,SY18-19,5401-000,BARTON-LEXA SD,178,178,648,0,33730,80639,0,0
,AR,,,,,,,,,,,,,,1982,,,AR@000@3201-000,698.502590674,134811,1240.264248705,239371,,,,,,,,,,,,,,,,,,,,,,,,,,,,,,,SY18-19,3201-000,BATESVILLE SD,193,193,1671,311,118531,208532,16280,30839
,AR,,,,,,,,,,,,,,969,,,AR@000@6301-000,370.106741573,65879,439.320224719,78199,,,,,,,,,,,,,,,,,,,,,,,,,,,,,,,SY18-19,6301-000,BAUXITE SD,178,178,733,236,53707,63673,12172,14526
,AR,,,,,,,,,,,,,,418,,,AR@000@1601-000,162.040462428,28033,269.255813953,46312,,,,,,,,,,,,,,,,,,,,,,,,,,,,,,,SY18-19,1601-000,BAY SD,173,172,300,118,20968,33744,7065,12568
,AR,,,,,,,,,,,,,,346,,,AR@000@5201-000,241.182320442,43654,259.856353591,47034,,,,,,,,,,,,,,,,,,,,,,,,,,,,,,,SY18-19,5201-000,BEARDEN SD,181,181,301,45,37815,41232,5839,5802
,AR,,,,,,,,,,,,,,2153,,,AR@000@7302-000,785.841807910,139094,1217.610169492,215517,,,,,,,,,,,,,,,,,,,,,,,,,,,,,,,SY18-19,7302-000,BEEBE SD,177,177,1719,434,117295,178573,21799,36944
,AR,,,,,,,,,,,,,,2523,,,AR@000@6302-000,912.632768362,161536,1577.615819209,279238,,,,,,,,,,,,,,,,,,,,,,,,,,,,,,,SY18-19,6302-000,BENTON SD,177,177,2009,514,135847,230093,25689,49145
,AR,,,,,,,,,,,,,,4589,,,AR@000@0401-000,1235,219830,2900.640449438,516314,,,,,,,,,,,,,,,,,,,,,,,,,,,,,,,SY18-19,0401-000,BENTONVILLE SD,178,178,3388,1201,174828,391079,45002,125235
,AR,,,,,,,,,,,,,,785,,,AR@000@0502-000,466.920454545,82178,541.465909091,95298,,,,,,,,,,,,,,,,,,,,,,,,,,,,,,,SY18-19,0502-000,BERGMAN SD,176,176,644,141,69598,79851,12580,15447
,AR,,,,,,,,,,,,,,1373,,,AR@000@0801-000,601.079096045,106391,1068.316384181,189092,,,,,,,,,,,,,,,,,,,,,,,,,,,,,,,SY18-19,0801-000,BERRYVILLE SD,177,177,1113,260,91963,156985,14428,32107
,AR,,,,,,,,,,,,,,748,,,AR@000@3001-000,204.679775281,36433,491.174157303,87429,,,,,,,,,,,,,,,,,,,,,,,,,,,,,,,SY18-19,3001-000,BISMARCK SD,178,178,589,159,31539,70667,4894,16762
,AR,,,,,,,,,,,,,,462,,,AR@000@2901-000,185.220338983,32784,297.084745763,52584,,,,,,,,,,,,,,,,,,,,,,,,,,,,,,,SY18-19,2901-000,BLEVINS SD,177,177,396,66,27898,45008,4886,7576
,AR,,,,,,,,,,,,,,2097,,,AR@000@4702-000,1164.404624277,201442,1542.520231214,266856,,,,,,,,,,,,,,,,,,,,,,,,,,,,,,,SY18-19,4702-000,BLYTHEVILLE SD,173,173,2097,0,201442,266856,0,0
,AR,,,,,,,,,,,,,,924,,,AR@000@4201-000,347.730337079,61896,679.589887640,120967,,,,,,,,,,,,,,,,,,,,,,,,,,,,,,,SY18-19,4201-000,BOONEVILLE SD,178,178,924,0,61896,120967,0,0
,AR,,,,,,,,,,,,,,383,,,AR@000@7303-000,187.267045455,32959,302.409090909,53224,,,,,,,,,,,,,,,,,,,,,,,,,,,,,,,SY18-19,7303-000,BRADFORD SD,176,176,383,0,32959,53224,0,0
,AR,,,,,,,,,,,,,,438,,,AR@000@4801-000,269.893258427,48041,361,64258,,,,,,,,,,,,,,,,,,,,,,,,,,,,,,,SY18-19,4801-000,BRINKLEY SD,178,178,438,0,48041,64258,0,0
,AR,,,,,,,,,,,,,,1174,,,AR@000@1603-000,424.573033708,75574,586.629213483,104420,,,,,,,,,,,,,,,,,,,,,,,,,,,,,,,SY18-19,1603-000,BROOKLAND SD,178,178,893,281,61537,82847,14037,21573
,AR,,,,,,,,,,,,,,4768,,,AR@000@6303-000,1312.214689266,232262,2688.384180791,475844,,,,,,,,,,,,,,,,,,,,,,,,,,,,,,,SY18-19,6303-000,BRYANT SD,177,177,3922,846,199006,398793,33256,77051
,AR,,,,,,,,,,,,,,579,,,AR@000@1605-000,160.039800995,32168,273.611940299,54996,,,,,,,,,,,,,,,,,,,,,,,,,,,,,,,SY18-19,1605-000,BUFFALO ISLAND CENTRAL SD,201,201,459,120,27226,44284,4942,10712
,AR,,,,,,,,,,,,,,4600,,,AR@000@4304-000,1609.779005525,291370,3173.834254144,574464,,,,,,,,,,,,,,,,,,,,,,,,,,,,,,,SY18-19,4304-000,CABOT SD,181,181,3505,1095,231534,446640,59836,127824
,AR,,,,,,,,,,,,,,511,,,AR@000@4901-000,239.235955056,42584,360.915730337,64243,,,,,,,,,,,,,,,,,,,,,,,,,,,,,,,SY18-19,4901-000,CADDO HILLS SD,178,178,424,87,35950,53842,6634,10401
,AR,,,,,,,,,,,,,,280,,,AR@000@3301-000,105.073033708,18703,179.921348315,32026,,,,,,,,,,,,,,,,,,,,,,,,,,,,,,,SY18-19,3301-000,CALICO ROCK,178,178,222,58,15598,25785,3105,6241
,AR,,,,,,,,,,,,,,2167,,,AR@000@5204-000,917.820224719,163372,1383.629213483,246286,,,,,,,,,,,,,,,,,,,,,,,,,,,,,,,SY18-19,5204-000,CAMDEN FAIRVIEW SD,178,178,1964,203,152093,228238,11279,18048
,AR,,,,,,,,,,,,,,442,,,AR@000@4303-000,169.531073446,30007,323.005649718,57172,,,,,,,,,,,,,,,,,,,,,,,,,,,,,,,SY18-19,4303-000,CARLISLE SD,177,177,389,53,27906,52103,2101,5069
,AR,,,,,,,,,,,,,,1035,,,AR@000@6802-000,416.824858757,73778,691.525423729,122400,,,,,,,,,,,,,,,,,,,,,,,,,,,,,,,SY18-19,6802-000,CAVE CITY SD,177,177,824,211,60837,97770,12941,24630
,AR,,,,,,,,,,,,,,764,,,AR@000@3212-000,204.601123596,36419,318.331460674,56663,,,,,,,,,,,,,,,,,,,,,,,,,,,,,,,SY18-19,3212-000,CEDAR RIDGE SD,178,178,764,0,36419,56663,0,0
,AR,,,,,,,,,,,,,,588,,,AR@000@1702-000,265.882022472,47327,419.516853933,74674,,,,,,,,,,,,,,,,,,,,,,,,,,,,,,,SY18-19,1702-000,CEDARVILLE SD,178,178,458,130,38237,59071,9090,15603
,AR,,,,,,,,,,,,,,849,,,AR@000@5502-000,325.779661017,57663,501.435028249,88754,,,,,,,,,,,,,,,,,,,,,,,,,,,,,,,SY18-19,5502-000,CENTERPOINT SD,177,177,664,185,47118,72831,10545,15923
,AR,,,,,,,,,,,,,,522,,,AR@000@2402-000,230.887640449,41098,324.792134831,57813,,,,,,,,,,,,,,,,,,,,,,,,,,,,,,,SY18-19,2402-000,CHARLESTON SD,178,178,426,96,37697,50083,3401,7730
,AR,,,,,,,,,,,,,,120,,,AR@000@6044-000,39.053571429,4374,105.705357143,11839,,,,,,,,,,,,,,,,,,,,,,,,,,,,,,,SY18-19,6044-000,CITY OF FIRE COMM DEV. SD,112,112,114,6,4356,11819,18,20
,AR,,,,,,,,,,,,,,472,,,AR@000@4802-000,186.670454545,32854,337.028409091,59317,,,,,,,,,,,,,,,,,,,,,,,,,,,,,,,SY18-19,4802-000,CLARENDON SD,176,176,472,0,32854,59317,0,0
,AR,,,,,,,,,,,,,,1941,,,AR@000@3601-000,674.531073446,119392,1260.197740113,223055,,,,,,,,,,,,,,,,,,,,,,,,,,,,,,,SY18-19,3601-000,CLARKSVILLE SD,177,177,1654,287,108247,194780,11145,28275
,AR,,,,,,,,,,,,,,608,,,AR@000@1305-000,257.702857143,45098,404.880681818,71259,,,,,,,,,,,,,,,,,,,,,,,,,,,,,,,SY18-19,1305-000,CLEVELAND COUNTY SD,175,176,555,53,43054,66414,2044,4845
,AR,,,,,,,,,,,,,,1404,,,AR@000@7102-000,296.393258427,52758,691.977528090,123172,,,,,,,,,,,,,,,,,,,,,,,,,,,,,,,SY18-19,7102-000,CLINTON SD,178,178,1404,0,52758,123172,0,0
,AR,,,,,,,,,,,,,,334,,,AR@000@6049-000,146.172588832,28796,202.690355330,39930,,,,,,,,,,,,,,,,,,,,,,,,,,,,,,,SY18-19,6049-000,"COLLEGIATE CHOICES, INC.",197,197,334,0,28796,39930,0,0
,AR,,,,,,,,,,,,,,439,,,AR@000@1201-000,163.568181818,28788,212.903409091,37471,,,,,,,,,,,,,,,,,,,,,,,,,,,,,,,SY18-19,1201-000,CONCORD SD,176,176,355,84,24331,31061,4457,6410
,AR,,,,,,,,,,,,,,8337,,,AR@000@2301-000,2479.857923497,453814,4120.437158470,754040,,,,,,,,,,,,,,,,,,,,,,,,,,,,,,,SY18-19,2301-000,CONWAY SD,183,183,7386,951,399358,646052,54456,107988
,AR,,,,,,,,,,,,,,726,,,AR@000@1101-000,323.517045455,56939,451.698863636,79499,,,,,,,,,,,,,,,,,,,,,,,,,,,,,,,SY18-19,1101-000,CORNING SD,176,176,557,169,45511,61898,11428,17601
,AR,,,,,,,,,,,,,,805,,,AR@000@5707-000,528.845714286,92548,639.954285714,111992,,,,,,,,,,,,,,,,,,,,,,,,,,,,,,,SY18-19,5707-000,COSSATOT RIVER SD,175,175,662,143,75721,91616,16827,20376
,AR,,,,,,,,,,,,,,790,,,AR@000@0302-000,273.870056497,48475,392.135593220,69408,,,,,,,,,,,,,,,,,,,,,,,,,,,,,,,SY18-19,0302-000,COTTER SD,177,177,790,0,48475,69408,0,0
,AR,,,,,,,,,,,,,,339,,,AR@000@2403-000,198.606741573,35352,252.432584270,44933,,,,,,,,,,,,,,,,,,,,,,,,,,,,,,,SY18-19,2403-000,COUNTY LINE SD,178,178,285,54,31378,38667,3974,6266
,AR,,,,,,,,,,,,,,613,,,AR@000@1901-000,285.344632768,50506,326.774011299,57839,,,,,,,,,,,,,,,,,,,,,,,,,,,,,,,SY18-19,1901-000,CROSS COUNTY SD,177,177,613,0,50506,57839,0,0
,AR,,,,,,,,,,,,,,1202,,,AR@000@0201-000,500.738636364,88130,813.397727273,143158,,,,,,,,,,,,,,,,,,,,,,,,,,,,,,,SY18-19,0201-000,CROSSETT SD,176,176,1077,125,80911,130458,7219,12700
,AR,,,,,,,,,,,,,,486,,,AR@000@2601-000,250.121546961,45272,308.535911602,55845,,,,,,,,,,,,,,,,,,,,,,,,,,,,,,,SY18-19,2601-000,CUTTER-MORNING STAR SD,181,181,393,93,39029,48265,6243,7580
,AR,,,,,,,,,,,,,,738,,,AR@000@7503-000,384.382022472,68420,511.286516854,91009,,,,,,,,,,,,,,,,,,,,,,,,,,,,,,,SY18-19,7503-000,DANVILLE SD,178,178,651,87,62596,82009,5824,9000
,AR,,,,,,,,,,,,,,1572,,,AR@000@7504-000,709.084269663,126217,1104.977528090,196686,,,,,,,,,,,,,,,,,,,,,,,,,,,,,,,SY18-19,7504-000,DARDANELLE SD,178,178,1241,331,105802,163042,20415,33644
,AR,,,,,,,,,,,,,,2089,,,AR@000@6701-000,833.393258427,148344,1507.971910112,268419,,,,,,,,,,,,,,,,,,,,,,,,,,,,,,,SY18-19,6701-000,DE QUEEN SD,178,178,1856,233,135579,240861,12765,27558
,AR,,,,,,,,,,,,,,1217,,,AR@000@0402-000,305.977401130,54158,383.175141243,67822,,,,,,,,,,,,,,,,,,,,,,,,,,,,,,,SY18-19,0402-000,DECATUR SD,177,177,622,595,54158,67822,0,0
,AR,,,,,,,,,,,,,,340,,,AR@000@5106-000,161.227027027,29827,180.097297297,33318,,,,,,,,,,,,,,,,,,,,,,,,,,,,,,,SY18-19,5106-000,DEER/MT. JUDEA SD,185,185,279,61,24650,27361,5177,5957
,AR,,,,,,,,,,,,,,337,,,AR@000@0901-000,190.615819209,33739,270.401129944,47861,,,,,,,,,,,,,,,,,,,,,,,,,,,,,,,SY18-19,0901-000,DERMOTT SD,177,177,337,0,33739,47861,0,0
,AR,,,,,,,,,,,,,,466,,,AR@000@5901-000,195.955056180,34880,296.977528090,52862,,,,,,,,,,,,,,,,,,,,,,,,,,,,,,,SY18-19,5901-000,DES ARC SD,178,178,373,93,28246,42530,6634,10332
,AR,,,,,,,,,,,,,,1040,,,AR@000@0101-000,306.983146067,54643,596.432584270,106165,,,,,,,,,,,,,,,,,,,,,,,,,,,,,,,SY18-19,0101-000,DEWITT SD,178,178,887,153,49724,91280,4919,14885
,AR,,,,,,,,,,,,,,434,,,AR@000@3102-000,196.471910112,34972,312.719101124,55664,,,,,,,,,,,,,,,,,,,,,,,,,,,,,,,SY18-19,3102-000,DIERKS SD,178,178,366,68,31363,49055,3609,6609
,AR,,,,,,,,,,,,,,1063,,,AR@000@3502-000,577.629213483,102818,803.146067416,142960,,,,,,,,,,,,,,,,,,,,,,,,,,,,,,,SY18-19,3502-000,DOLLARWAY SD,178,178,1063,0,102818,142960,0,0
,AR,,,,,,,,,,,,,,936,,,AR@000@5802-000,533.179775281,94906,690.466292135,122903,,,,,,,,,,,,,,,,,,,,,,,,,,,,,,,SY18-19,5802-000,DOVER SD,178,178,691,245,70992,91208,23914,31695
,AR,,,,,,,,,,,,,,897,,,AR@000@2202-000,596.338983051,105552,596.282485876,105542,,,,,,,,,,,,,,,,,,,,,,,,,,,,,,,SY18-19,2202-000,DREW CENTRAL SD,177,177,897,0,105552,105542,0,0
,AR,,,,,,,,,,,,,,1202,,,AR@000@2104-000,472.044943820,84024,748.016853933,133147,,,,,,,,,,,,,,,,,,,,,,,,,,,,,,,SY18-19,2104-000,DUMAS SD,178,178,1122,80,80272,125923,3752,7224
,AR,,,,,,,,,,,,,,553,,,AR@000@1802-000,443.583333333,79845,489.311111111,88076,,,,,,,,,,,,,,,,,,,,,,,,,,,,,,,SY18-19,1802-000,EARLE SD,180,180,553,0,79845,88076,0,0
,AR,,,,,,,,,,,,,,458,,,AR@000@5301-000,315.802259887,55897,283.271186441,50139,,,,,,,,,,,,,,,,,,,,,,,,,,,,,,,SY18-19,5301-000,EAST END SD,177,177,352,106,44826,40892,11071,9247
,AR,,,,,,,,,,,,,,624,,,AR@000@5608-000,275.831460674,49098,381.028089888,67823,,,,,,,,,,,,,,,,,,,,,,,,,,,,,,,SY18-19,5608-000,EAST POINSETT COUNTY SD,178,178,511,113,41464,56351,7634,11472
,AR,,,,,,,,,,,,,,2880,,,AR@000@7001-000,1592.747191011,283509,2036.561797753,362508,,,,,,,,,,,,,,,,,,,,,,,,,,,,,,,SY18-19,7001-000,EL DORADO SD,178,178,2600,280,279077,347474,4432,15034
,AR,,,,,,,,,,,,,,783,,,AR@000@7201-000,342.179775281,60908,462.129213483,82259,,,,,,,,,,,,,,,,,,,,,,,,,,,,,,,SY18-19,7201-000,ELKINS SD,178,178,559,224,45910,59706,14998,22553
,AR,,,,,,,,,,,,,,529,,,AR@000@1408-000,200.728813559,35529,375.033898305,66381,,,,,,,,,,,,,,,,,,,,,,,,,,,,,,,SY18-19,1408-000,EMERSON-TAYLOR- BRADLEY SD,177,177,435,94,31736,57514,3793,8867
,AR,,,,,,,,,,,,,,771,,,AR@000@4302-000,166.902298851,29041,373.062857143,65286,,,,,,,,,,,,,,,,,,,,,,,,,,,,,,,SY18-19,4302-000,ENGLAND SD,174,175,771,0,29041,65286,0,0
,AR,,,,,,,,,,,,,,1707,,,AR@000@6047-000,236.575268817,44003,563.868421053,107135,,,,,,,,,,,,,,,,,,,,,,,,,,,,,,,SY18-19,6047-000,ESTEM PUB CHAR SD,186,190,1313,394,35119,85764,8884,21371
,AR,,,,,,,,,,,,,,476,,,AR@000@0802-000,184.698863636,32507,276.732954545,48705,,,,,,,,,,,,,,,,,,,,,,,,,,,,,,,SY18-19,0802-000,EUREKA SPRINGS SD,176,176,385,91,27744,40606,4763,8099
,AR,,,,,,,,,,,,,,322,,,AR@000@6055-000,191.775510204,37588,261.668367347,51287,,,,,,,,,,,,,,,,,,,,,,,,,,,,,,,SY18-19,6055-000,EXALT ACADEMY SD,196,196,322,0,37588,51287,0,0
,AR,,,,,,,,,,,,,,1021,,,AR@000@7202-000,320.401129944,56711,613.186440678,108534,,,,,,,,,,,,,,,,,,,,,,,,,,,,,,,SY18-19,7202-000,FARMINGTON SD,177,177,779,242,46429,85470,10282,23064
,AR,,,,,,,,,,,,,,4131,,,AR@000@7203-000,1442.135869565,265353,2556.233695652,470347,,,,,,,,,,,,,,,,,,,,,,,,,,,,,,,SY18-19,7203-000,FAYETTEVILLE SD,184,184,3344,787,229371,392776,35982,77571
,AR,,,,,,,,,,,,,,903,,,AR@000@4501-000,258.938888889,46609,448.277777778,80690,,,,,,,,,,,,,,,,,,,,,,,,,,,,,,,SY18-19,4501-000,FLIPPIN SD,180,180,748,155,38539,65749,8070,14941
,AR,,,,,,,,,,,,,,880,,,AR@000@2002-000,297.693181818,52394,416.734463277,73762,,,,,,,,,,,,,,,,,,,,,,,,,,,,,,,SY18-19,2002-000,FORDYCE SD,176,177,880,0,52394,73762,0,0
,AR,,,,,,,,,,,,,,365,,,AR@000@4102-000,153.921348315,27398,269.168539326,47912,,,,,,,,,,,,,,,,,,,,,,,,,,,,,,,SY18-19,4102-000,FOREMAN SD,178,178,294,71,24311,40265,3087,7647
,AR,,,,,,,,,,,,,,2572,,,AR@000@6201-000,1429.197740113,252968,1983.280898876,353024,,,,,,,,,,,,,,,,,,,,,,,,,,,,,,,SY18-19,6201-000,FORREST CITY SD,177,178,2572,0,252968,353024,0,0
,AR,,,,,,,,,,,,,,10996,,,AR@000@6601-000,4325.868571429,757027,7540.148571429,1319526,,,,,,,,,,,,,,,,,,,,,,,,,,,,,,,SY18-19,6601-000,FORT SMITH SD,175,175,9486,1510,671505,1175068,85522,144458
,AR,,,,,,,,,,,,,,768,,,AR@000@4603-000,287.045197740,50807,454.757062147,80492,,,,,,,,,,,,,,,,,,,,,,,,,,,,,,,SY18-19,4603-000,FOUKE SD,177,177,574,194,40569,63049,10238,17443
,AR,,,,,,,,,,,,,,796,,,AR@000@2602-000,245.422857143,42949,536.2,93835,,,,,,,,,,,,,,,,,,,,,,,,,,,,,,,SY18-19,2602-000,FOUNTAIN LAKE SD,175,175,658,138,38203,80070,4746,13765
,AR,,,,,,,,,,,,,,1332,,,AR@000@3544-000,79.747311828,14833,98.462365591,18314,,,,,,,,,,,,,,,,,,,,,,,,,,,,,,,SY18-19,3544-000,FRIENDSHIP ASPIRE PB,186,186,1111,221,12709,16428,2124,1886
,AR,,,,,,,,,,,,,,245,,,AR@000@6640-000,12.580459770,2189,45.241379310,7872,,,,,,,,,,,,,,,,,,,,,,,,,,,,,,,SY18-19,6640-000,FUTURE SCHOOL SD,174,174,168,77,1983,6963,206,909
,AR,,,,,,,,,,,,,,685,,,AR@000@4602-000,224.724719101,40001,290.634831461,51733,,,,,,,,,,,,,,,,,,,,,,,,,,,,,,,SY18-19,4602-000,GENOA CENTRAL SD,178,178,534,151,34687,44589,5314,7144
,AR,,,,,,,,,,,,,,1136,,,AR@000@0403-000,379.893048128,71040,610.716577540,114204,,,,,,,,,,,,,,,,,,,,,,,,,,,,,,,SY18-19,0403-000,GENTRY SD,187,187,834,302,53785,85751,17255,28453
,AR,,,,,,,,,,,,,,645,,,AR@000@3002-000,283.887640449,50532,373.674157303,66514,,,,,,,,,,,,,,,,,,,,,,,,,,,,,,,SY18-19,3002-000,GLEN ROSE SD,178,178,541,104,45809,60112,4723,6402
,AR,,,,,,,,,,,,,,1098,,,AR@000@4708-000,384.426966292,68428,658.853932584,117276,,,,,,,,,,,,,,,,,,,,,,,,,,,,,,,SY18-19,4708-000,GOSNELL SD,178,178,901,197,58261,97594,10167,19682
,AR,,,,,,,,,,,,,,1238,,,AR@000@0404-000,630.865168539,112294,724.719101124,129000,,,,,,,,,,,,,,,,,,,,,,,,,,,,,,,SY18-19,0404-000,GRAVETTE SD,178,178,857,381,90013,102088,22281,26912
,AR,,,,,,,,,,,,,,1217,,,AR@000@0803-000,707.971751412,125311,939.197740113,166238,,,,,,,,,,,,,,,,,,,,,,,,,,,,,,,SY18-19,0803-000,GREEN FOREST SD,177,177,965,252,102323,133560,22988,32678
,AR,,,,,,,,,,,,,,1556,,,AR@000@2303-000,548.617977528,97654,944.398876404,168103,,,,,,,,,,,,,,,,,,,,,,,,,,,,,,,SY18-19,2303-000,GREENBRIER SD,178,178,1148,408,77716,130012,19938,38091
,AR,,,,,,,,,,,,,,2566,,,AR@000@2807-000,859.859550562,153055,1173.106741573,208813,,,,,,,,,,,,,,,,,,,,,,,,,,,,,,,SY18-19,2807-000,GREENE COUNTY TECH SD,178,178,1949,617,120094,163901,32961,44912
,AR,,,,,,,,,,,,,,708,,,AR@000@7204-000,312.615819209,55333,390.497175141,69118,,,,,,,,,,,,,,,,,,,,,,,,,,,,,,,SY18-19,7204-000,GREENLAND SD,177,177,589,119,48721,58989,6612,10129
,AR,,,,,,,,,,,,,,1525,,,AR@000@6602-000,505.365168539,89955,952.050561798,169465,,,,,,,,,,,,,,,,,,,,,,,,,,,,,,,SY18-19,6602-000,GREENWOOD SD,178,178,1140,385,71850,129189,18105,40276
,AR,,,,,,,,,,,,,,601,,,AR@000@1003-000,273.901734104,47385,409.277456647,70805,,,,,,,,,,,,,,,,,,,,,,,,,,,,,,,SY18-19,1003-000,GURDON SD,173,173,510,91,42026,60991,5359,9814
,AR,,,,,,,,,,,,,,291,,,AR@000@2304-000,137.179775281,24418,174.224719101,31012,,,,,,,,,,,,,,,,,,,,,,,,,,,,,,,SY18-19,2304-000,GUY-PERKINS SD,178,178,237,54,20657,24957,3761,6055
,AR,,,,,,,,,,,,,,567,,,AR@000@6603-000,209.322033898,37050,364.790960452,64568,,,,,,,,,,,,,,,,,,,,,,,,,,,,,,,SY18-19,6603-000,HACKETT SD,177,177,567,0,37050,64568,0,0
,AR,,,,,,,,,,,,,,1208,,,AR@000@0203-000,488.754285714,85532,915.382857143,160192,,,,,,,,,,,,,,,,,,,,,,,,,,,,,,,SY18-19,0203-000,HAMBURG SD,175,175,989,219,72900,134298,12632,25894
,AR,,,,,,,,,,,,,,445,,,AR@000@0701-000,193.511235955,34445,309.926966292,55167,,,,,,,,,,,,,,,,,,,,,,,,,,,,,,,SY18-19,0701-000,HAMPTON SD,178,178,376,69,30205,48193,4240,6974
,AR,,,,,,,,,,,,,,535,,,AR@000@6304-000,121.162921348,21567,290.516853933,51712,,,,,,,,,,,,,,,,,,,,,,,,,,,,,,,SY18-19,6304-000,HARMONY GROVE (SALINE),178,178,414,121,17581,41379,3986,10333
,AR,,,,,,,,,,,,,,664,,,AR@000@5205-000,260.550561798,46378,426.146067416,75854,,,,,,,,,,,,,,,,,,,,,,,,,,,,,,,SY18-19,5205-000,HARMONY GROVE SD,178,178,513,151,37715,59773,8663,16081
,AR,,,,,,,,,,,,,,899,,,AR@000@5602-000,473.073863636,83261,627.198863636,110387,,,,,,,,,,,,,,,,,,,,,,,,,,,,,,,SY18-19,5602-000,HARRISBURG SD,176,176,754,145,70059,92550,13202,17837
,AR,,,,,,,,,,,,,,18038,,,AR@000@0503-000,526.446327684,93181,929.112359551,165382,,,,,,,,,,,,,,,,,,,,,,,,,,,,,,,SY18-19,0503-000,HARRISON SD,177,178,15351,2687,80408,141541,12773,23841
,AR,,,,,,,,,,,,,,477,,,AR@000@5903-000,244.6,42805,317.267045455,55839,,,,,,,,,,,,,,,,,,,,,,,,,,,,,,,SY18-19,5903-000,HAZEN SD,175,176,384,93,36030,45754,6775,10085
,AR,,,,,,,,,,,,,,1185,,,AR@000@1202-000,387.005617978,68887,683.825842697,121721,,,,,,,,,,,,,,,,,,,,,,,,,,,,,,,SY18-19,1202-000,HEBER SPRINGS SD,178,178,957,228,57900,100501,10987,21220
,AR,,,,,,,,,,,,,,543,,,AR@000@5803-000,227.655367232,40295,280.028248588,49565,,,,,,,,,,,,,,,,,,,,,,,,,,,,,,,SY18-19,5803-000,HECTOR SD,177,177,543,0,40295,49565,0,0
,AR,,,,,,,,,,,,,,1288,,,AR@000@5403-000,851.144444444,153206,1053.85,189693,,,,,,,,,,,,,,,,,,,,,,,,,,,,,,,SY18-19,5403-000,HELENA-WEST HELENA SD,180,180,1288,0,153206,189693,0,0
,AR,,,,,,,,,,,,,,395,,,AR@000@0601-000,224.859550562,40025,324.247191011,57716,,,,,,,,,,,,,,,,,,,,,,,,,,,,,,,SY18-19,0601-000,HERMITAGE SD,178,178,395,0,40025,57716,0,0
,AR,,,,,,,,,,,,,,1249,,,AR@000@6804-000,667.428571429,116800,909.068571429,159087,,,,,,,,,,,,,,,,,,,,,,,,,,,,,,,SY18-19,6804-000,HIGHLAND SD,175,175,1007,242,97700,130898,19100,28189
,AR,,,,,,,,,,,,,,342,,,AR@000@3809-000,196.868571429,34452,247.897142857,43382,,,,,,,,,,,,,,,,,,,,,,,,,,,,,,,SY18-19,3809-000,HILLCREST,175,175,265,77,27381,34522,7071,8860
,AR,,,,,,,,,,,,,,2385,,,AR@000@2903-000,980.792134831,174581,1540.966292135,274292,,,,,,,,,,,,,,,,,,,,,,,,,,,,,,,SY18-19,2903-000,HOPE SD,178,178,2385,0,174581,274292,0,0
,AR,,,,,,,,,,,,,,672,,,AR@000@6703-000,249.407821229,44644,474.407821229,84919,,,,,,,,,,,,,,,,,,,,,,,,,,,,,,,SY18-19,6703-000,HORATIO SD,179,179,548,124,38651,71594,5993,13325
,AR,,,,,,,,,,,,,,3538,,,AR@000@2603-000,1637.932203390,289914,2423.858757062,429023,,,,,,,,,,,,,,,,,,,,,,,,,,,,,,,SY18-19,2603-000,HOT SPRINGS SD,177,177,3538,0,289914,429023,0,0
,AR,,,,,,,,,,,,,,722,,,AR@000@3804-000,336.618497110,58235,560.803468208,97019,,,,,,,,,,,,,,,,,,,,,,,,,,,,,,,SY18-19,3804-000,HOXIE SD,173,173,722,0,58235,97019,0,0
,AR,,,,,,,,,,,,,,1561,,,AR@000@4401-000,518.209039548,91723,989.011299435,175055,,,,,,,,,,,,,,,,,,,,,,,,,,,,,,,SY18-19,4401-000,HUNTSVILLE SD,177,177,1222,339,78109,144533,13614,30522
,AR,,,,,,,,,,,,,,57,,,AR@000@3840-000,30.752808989,5474,31.371428571,5490,,,,,,,,,,,,,,,,,,,,,,,,,,,,,,,SY18-19,3840-000,IMBODEN AREA CHARTER SD,178,175,46,11,3936,4409,1538,1081
,AR,,,,,,,,,,,,,,407,,,AR@000@3306-000,220.189944134,39414,303.603351955,54345,,,,,,,,,,,,,,,,,,,,,,,,,,,,,,,SY18-19,3306-000,IZARD COUNTY CONS SD,179,179,340,67,33606,45747,5808,8598
,AR,,,,,,,,,,,,,,701,,,AR@000@3405-000,351.222797927,67786,463.854922280,89524,,,,,,,,,,,,,,,,,,,,,,,,,,,,,,,SY18-19,3405-000,JACKSON COUNTY SD,193,193,538,163,54686,70535,13100,18989
,AR,,,,,,,,,,,,,,3520,,,AR@000@6004-000,2159.679775281,384423,2356.865168539,419522,,,,,,,,,,,,,,,,,,,,,,,,,,,,,,,SY18-19,6004-000,JACKSONVILLE N. PULASKI SD,178,178,3520,0,384423,419522,0,0
,AR,,,,,,,,,,,,,,656,,,AR@000@5102-000,377.849162011,67635,459.687150838,82284,,,,,,,,,,,,,,,,,,,,,,,,,,,,,,,SY18-19,5102-000,JASPER SD,179,179,557,99,58697,72347,8938,9937
,AR,,,,,,,,,,,,,,635,,,AR@000@2604-000,389.147540984,71214,435.038251366,79612,,,,,,,,,,,,,,,,,,,,,,,,,,,,,,,SY18-19,2604-000,JESSIEVILLE SD,183,183,494,141,55313,61719,15901,17893
,AR,,,,,,,,,,,,,,5880,,,AR@000@1608-000,3616.471910112,643732,4503.685393258,801656,,,,,,,,,,,,,,,,,,,,,,,,,,,,,,,SY18-19,1608-000,JONESBORO SD,178,178,5880,0,643732,801656,0,0
,AR,,,,,,,,,,,,,,470,,,AR@000@7003-000,157.418079096,27863,323.146892655,57197,,,,,,,,,,,,,,,,,,,,,,,,,,,,,,,SY18-19,7003-000,JUNCTION CITY SD,177,177,404,66,26630,51948,1233,5249
,AR,,,,,,,,,,,,,,2538,,,AR@000@5440-000,1071.058823529,200288,1114.032085561,208324,,,,,,,,,,,,,,,,,,,,,,,,,,,,,,,SY18-19,5440-000,KIPP DELTA SD,187,187,1269,1269,200288,208324,0,0
,AR,,,,,,,,,,,,,,326,,,AR@000@5503-000,94.101123596,16750,173.769662921,30931,,,,,,,,,,,,,,,,,,,,,,,,,,,,,,,SY18-19,5503-000,KIRBY SD,178,178,275,51,15212,27524,1538,3407
,AR,,,,,,,,,,,,,,555,,,AR@000@3704-000,289.428571429,50650,400.028571429,70005,,,,,,,,,,,,,,,,,,,,,,,,,,,,,,,SY18-19,3704-000,LAFAYETTE COUNTY SD,175,175,530,25,48948,67293,1702,2712
,AR,,,,,,,,,,,,,,2858,,,AR@000@2605-000,944.533333333,170016,1839.85,331173,,,,,,,,,,,,,,,,,,,,,,,,,,,,,,,SY18-19,2605-000,LAKE HAMILTON SD,180,180,2332,526,140949,271478,29067,59695
,AR,,,,,,,,,,,,,,1053,,,AR@000@0903-000,773.668539326,137713,877.679775281,156227,,,,,,,,,,,,,,,,,,,,,,,,,,,,,,,SY18-19,0903-000,LAKESIDE (CHICOT) SD,178,178,1053,0,137713,156227,0,0
,AR,,,,,,,,,,,,,,1227,,,AR@000@2606-000,568.432584270,101181,1015.775280899,180808,,,,,,,,,,,,,,,,,,,,,,,,,,,,,,,SY18-19,2606-000,LAKESIDE (GARLAND) SD,178,178,1036,191,87180,153596,14001,27212
,AR,,,,,,,,,,,,,,1071,,,AR@000@3604-000,334.103260870,61475,616.385869565,113415,,,,,,,,,,,,,,,,,,,,,,,,,,,,,,,SY18-19,3604-000,LAMAR SD,184,184,870,201,53457,96300,8018,17115
,AR,,,,,,,,,,,,,,518,,,AR@000@6605-000,245.168539326,43640,336.432584270,59885,,,,,,,,,,,,,,,,,,,,,,,,,,,,,,,SY18-19,6605-000,LAVACA SD,178,178,405,113,35963,49023,7677,10862
,AR,,,,,,,,,,,,,,640,,,AR@000@3810-000,272.448275862,47406,364.028735632,63341,,,,,,,,,,,,,,,,,,,,,,,,,,,,,,,SY18-19,3810-000,LAWRENCE COUNTY SD,174,174,490,150,38885,53837,8521,9504
,AR,,,,,,,,,,,,,,302,,,AR@000@0506-000,182.491329480,31571,249.890173410,43231,,,,,,,,,,,,,,,,,,,,,,,,,,,,,,,SY18-19,0506-000,LEAD HILL SD,173,173,234,68,26574,34680,4997,8551
,AR,,,,,,,,,,,,,,716,,,AR@000@3904-000,474.254237288,83943,569.225988701,100753,,,,,,,,,,,,,,,,,,,,,,,,,,,,,,,SY18-19,3904-000,LEE COUNTY SD,177,177,716,0,83943,100753,0,0
,AR,,,,,,,,,,,,,,223,,,AR@000@6056-000,147.213903743,27529,166.823529412,31196,,,,,,,,,,,,,,,,,,,,,,,,,,,,,,,SY18-19,6056-000,LIGHTHOUSE ACAD OF CENT AR SD,187,187,223,0,27529,31196,0,0
,AR,,,,,,,,,,,,,,273,,,AR@000@3541-000,101.394736842,19265,205.515789474,39048,,,,,,,,,,,,,,,,,,,,,,,,,,,,,,,SY18-19,3541-000,LIGHTHOUSE ACAD SD OF PB,190,190,273,0,19265,39048,0,0
,AR,,,,,,,,,,,,,,529,,,AR@000@6050-000,138.042105263,26228,321.784210526,61139,,,,,,,,,,,,,,,,,,,,,,,,,,,,,,,SY18-19,6050-000,LIGHTHOUSE ACAD. SD JAX,190,190,450,79,23457,54832,2771,6307
,AR,,,,,,,,,,,,,,941,,,AR@000@7205-000,577.056497175,102139,618.672316384,109505,,,,,,,,,,,,,,,,,,,,,,,,,,,,,,,SY18-19,7205-000,LINCOLN CONS SD,177,177,726,215,77506,84521,24633,24984
,AR,,,,,,,,,,,,,,16846,,,AR@000@6001-000,8290.134831461,1475644,10957.483146067,1950432,,,,,,,,,,,,,,,,,,,,,,,,,,,,,,,SY18-19,6001-000,LITTLE ROCK,178,178,14750,2096,1322280,1732244,153364,218188
,AR,,,,,,,,,,,,,,1530,,,AR@000@6041-000,208.394444444,37511,707.284916201,126604,,,,,,,,,,,,,,,,,,,,,,,,,,,,,,,SY18-19,6041-000,LITTLE SCHOLARS OF AR SD,180,179,1203,327,31728,108710,5783,17894
,AR,,,,,,,,,,,,,,1210,,,AR@000@4301-000,523.461538462,95270,810.697802198,147547,,,,,,,,,,,,,,,,,,,,,,,,,,,,,,,SY18-19,4301-000,LONOKE SD,182,182,1003,207,82696,126680,12574,20867
,AR,,,,,,,,,,,,,,519,,,AR@000@4202-000,229.219101124,40801,362.634831461,64549,,,,,,,,,,,,,,,,,,,,,,,,,,,,,,,SY18-19,4202-000,MAGAZINE SD,178,178,404,115,33258,49786,7543,14763
,AR,,,,,,,,,,,,,,441,,,AR@000@3003-000,163.067415730,29026,251.162921348,44707,,,,,,,,,,,,,,,,,,,,,,,,,,,,,,,SY18-19,3003-000,MAGNET COVE SD,178,178,327,114,22703,33539,6323,11168
,AR,,,,,,,,,,,,,,2196,,,AR@000@1402-000,924.396551724,160845,1549.172413793,269556,,,,,,,,,,,,,,,,,,,,,,,,,,,,,,,SY18-19,1402-000,MAGNOLIA SD,174,174,2006,190,154318,252642,6527,16914
,AR,,,,,,,,,,,,,,1598,,,AR@000@3004-000,656.112359551,116788,1200.196629213,213635,,,,,,,,,,,,,,,,,,,,,,,,,,,,,,,SY18-19,3004-000,MALVERN SPECIAL SD,178,178,1353,245,105229,187001,11559,26634
,AR,,,,,,,,,,,,,,462,,,AR@000@2501-000,156.745664740,27117,260.482558140,44803,,,,,,,,,,,,,,,,,,,,,,,,,,,,,,,SY18-19,2501-000,MAMMOTH SPRING SD,173,172,462,0,27117,44803,0,0
,AR,,,,,,,,,,,,,,827,,,AR@000@4712-000,259.474285714,45408,457.714285714,80100,,,,,,,,,,,,,,,,,,,,,,,,,,,,,,,SY18-19,4712-000,MANILA SD,175,175,654,173,39230,67499,6178,12601
,AR,,,,,,,,,,,,,,623,,,AR@000@6606-000,211.576271186,37449,339.926553672,60167,,,,,,,,,,,,,,,,,,,,,,,,,,,,,,,SY18-19,6606-000,MANSFIELD SD,177,177,477,146,31038,47933,6411,12234
,AR,,,,,,,,,,,,,,3246,,,AR@000@1804-000,1466.168539326,260978,2043.685393258,363776,,,,,,,,,,,,,,,,,,,,,,,,,,,,,,,SY18-19,1804-000,MARION SD,178,178,2664,582,220145,305664,40833,58112
,AR,,,,,,,,,,,,,,485,,,AR@000@5604-000,248.689265537,44018,295.864406780,52368,,,,,,,,,,,,,,,,,,,,,,,,,,,,,,,SY18-19,5604-000,MARKED TREE SD,177,177,412,73,38988,46700,5030,5668
,AR,,,,,,,,,,,,,,542,,,AR@000@2803-000,241.480225989,42742,369.881355932,65469,,,,,,,,,,,,,,,,,,,,,,,,,,,,,,,SY18-19,2803-000,MARMADUKE SD,177,177,428,114,35906,54052,6836,11417
,AR,,,,,,,,,,,,,,381,,,AR@000@5404-000,232.977528090,41470,309.595505618,55108,,,,,,,,,,,,,,,,,,,,,,,,,,,,,,,SY18-19,5404-000,MARVELL-ELAINE SD,178,178,381,0,41470,55108,0,0
,AR,,,,,,,,,,,,,,909,,,AR@000@2305-000,280.022471910,49844,446.943820225,79556,,,,,,,,,,,,,,,,,,,,,,,,,,,,,,,SY18-19,2305-000,MAYFLOWER SD,178,178,727,182,42190,64928,7654,14628
,AR,,,,,,,,,,,,,,382,,,AR@000@6102-000,172.721590909,30399,278.8125,49071,,,,,,,,,,,,,,,,,,,,,,,,,,,,,,,SY18-19,6102-000,MAYNARD SD,176,176,295,87,24185,37854,6214,11217
,AR,,,,,,,,,,,,,,451,,,AR@000@7403-000,167.892655367,29717,314.824858757,55724,,,,,,,,,,,,,,,,,,,,,,,,,,,,,,,SY18-19,7403-000,MCCRORY SD,177,177,354,97,24197,44581,5520,11143
,AR,,,,,,,,,,,,,,1250,,,AR@000@2105-000,571.662857143,100041,720.92,126161,,,,,,,,,,,,,,,,,,,,,,,,,,,,,,,SY18-19,2105-000,MCGEHEE SD,175,175,1250,0,100041,126161,0,0
,AR,,,,,,,,,,,,,,490,,,AR@000@3302-000,243,43011,329.079096045,58247,,,,,,,,,,,,,,,,,,,,,,,,,,,,,,,SY18-19,3302-000,MELBOURNE SD,177,177,383,107,35172,46641,7839,11606
,AR,,,,,,,,,,,,,,1320,,,AR@000@5703-000,547.735955056,97497,907.775280899,161584,,,,,,,,,,,,,,,,,,,,,,,,,,,,,,,SY18-19,5703-000,MENA SD,178,178,1052,268,81677,130992,15820,30592
,AR,,,,,,,,,,,,,,562,,,AR@000@3211-000,244.134831461,43456,302.280898876,53806,,,,,,,,,,,,,,,,,,,,,,,,,,,,,,,SY18-19,3211-000,MIDLAND SD,178,178,562,0,43456,53806,0,0
,AR,,,,,,,,,,,,,,346,,,AR@000@3104-000,205.443181818,36158,269.068181818,47356,,,,,,,,,,,,,,,,,,,,,,,,,,,,,,,SY18-19,3104-000,MINERAL SPRINGS SD,176,176,346,0,36158,47356,0,0
,AR,,,,,,,,,,,,,,1168,,,AR@000@2203-000,589.189944134,105465,650.301675978,116404,,,,,,,,,,,,,,,,,,,,,,,,,,,,,,,SY18-19,2203-000,MONTICELLO SD,179,179,1033,135,96173,106546,9292,9858
,AR,,,,,,,,,,,,,,399,,,AR@000@4902-000,130.123595506,23162,238.573033708,42466,,,,,,,,,,,,,,,,,,,,,,,,,,,,,,,SY18-19,4902-000,MOUNT IDA SD,178,178,312,87,19806,34000,3356,8466
,AR,,,,,,,,,,,,,,2086,,,AR@000@0303-000,701.777142857,122811,1314.925714286,230112,,,,,,,,,,,,,,,,,,,,,,,,,,,,,,,SY18-19,0303-000,MOUNTAIN HOME SD,175,175,1641,445,103779,189108,19032,41004
,AR,,,,,,,,,,,,,,515,,,AR@000@2607-000,242.791907514,42003,330.398843931,57159,,,,,,,,,,,,,,,,,,,,,,,,,,,,,,,SY18-19,2607-000,MOUNTAIN PINE SD,173,173,435,80,36330,49477,5673,7682
,AR,,,,,,,,,,,,,,1161,,,AR@000@6901-000,370.814606742,66005,777.353932584,138369,,,,,,,,,,,,,,,,,,,,,,,,,,,,,,,SY18-19,6901-000,MOUNTAIN VIEW SD,178,178,919,242,57031,112036,8974,26333
,AR,,,,,,,,,,,,,,675,,,AR@000@1703-000,326.966292135,58200,380.505617978,67730,,,,,,,,,,,,,,,,,,,,,,,,,,,,,,,SY18-19,1703-000,MOUNTAINBURG SD,178,178,675,0,58200,67730,0,0
,AR,,,,,,,,,,,,,,308,,,AR@000@2306-000,154.676136364,27223,236.346590909,41597,,,,,,,,,,,,,,,,,,,,,,,,,,,,,,,SY18-19,2306-000,MT. VERNON-ENOLA SD,176,176,277,31,25514,38287,1709,3310
,AR,,,,,,,,,,,,,,450,,,AR@000@1704-000,340.314606742,60576,377.382022472,67174,,,,,,,,,,,,,,,,,,,,,,,,,,,,,,,SY18-19,1704-000,MULBERRY/PLEASANT VIEW SD,178,178,450,0,60576,67174,0,0
,AR,,,,,,,,,,,,,,1408,,,AR@000@3105-000,990.539325843,176316,1021.359550562,181802,,,,,,,,,,,,,,,,,,,,,,,,,,,,,,,SY18-19,3105-000,NASHVILLE SD,178,178,1149,259,146417,151584,29899,30218
,AR,,,,,,,,,,,,,,385,,,AR@000@1503-000,173.415730337,30868,260.724719101,46409,,,,,,,,,,,,,,,,,,,,,,,,,,,,,,,SY18-19,1503-000,NEMO VISTA SD,178,178,299,86,25415,38640,5453,7769
,AR,,,,,,,,,,,,,,2749,,,AR@000@1611-000,1131.904494382,201479,1841.949438202,327867,,,,,,,,,,,,,,,,,,,,,,,,,,,,,,,SY18-19,1611-000,NETTLETON SD,178,178,2259,490,172558,277303,28921,50564
,AR,,,,,,,,,,,,,,294,,,AR@000@5008-000,123.965909091,21818,225.068571429,39387,,,,,,,,,,,,,,,,,,,,,,,,,,,,,,,SY18-19,5008-000,NEVADA SD,176,175,294,0,21818,39387,0,0
,AR,,,,,,,,,,,,,,1554,,,AR@000@3403-000,551.305084746,97581,935.960451977,165665,,,,,,,,,,,,,,,,,,,,,,,,,,,,,,,SY18-19,3403-000,NEWPORT SD,177,177,1554,0,97581,165665,0,0
,AR,,,,,,,,,,,,,,335,,,AR@000@0304-000,164.864406780,29181,225.073446328,39838,,,,,,,,,,,,,,,,,,,,,,,,,,,,,,,SY18-19,0304-000,NORFORK SD,177,177,278,57,24686,34026,4495,5812
,AR,,,,,,,,,,,,,,7576,,,AR@000@6002-000,2775.535353535,549556,4465.949494949,884258,,,,,,,,,,,,,,,,,,,,,,,,,,,,,,,SY18-19,6002-000,NORTH LITTLE ROCK SD,198,198,7305,271,545134,867144,4422,17114
,AR,,,,,,,,,,,,,,331,,,AR@000@0504-000,161.392045455,28405,261.653409091,46051,,,,,,,,,,,,,,,,,,,,,,,,,,,,,,,SY18-19,0504-000,OMAHA SD,176,176,273,58,25438,39560,2967,6491
,AR,,,,,,,,,,,,,,1099,,,AR@000@4713-000,661.387640449,117727,838.584269663,149268,,,,,,,,,,,,,,,,,,,,,,,,,,,,,,,SY18-19,4713-000,OSCEOLA SD,178,178,966,133,103442,131045,14285,18223
,AR,,,,,,,,,,,,,,594,,,AR@000@5706-000,222.410112360,39589,383.522471910,68267,,,,,,,,,,,,,,,,,,,,,,,,,,,,,,,SY18-19,5706-000,OUACHITA RIVER SD,178,178,465,129,32359,53618,7230,14649
,AR,,,,,,,,,,,,,,309,,,AR@000@3005-000,143.244318182,25211,192.965909091,33962,,,,,,,,,,,,,,,,,,,,,,,,,,,,,,,SY18-19,3005-000,OUACHITA SD,176,176,206,103,19091,24069,6120,9893
,AR,,,,,,,,,,,,,,114,,,AR@000@7241-000,34.346368715,6148,53.318435754,9544,,,,,,,,,,,,,,,,,,,,,,,,,,,,,,,SY18-19,7241-000,OZARK EDUCATION SD,179,179,85,29,5601,7905,547,1639
,AR,,,,,,,,,,,,,,515,,,AR@000@6505-000,222.937142857,39014,331.102857143,57943,,,,,,,,,,,,,,,,,,,,,,,,,,,,,,,SY18-19,6505-000,OZARK MOUNTAIN SD,175,175,384,131,31866,45337,7148,12606
,AR,,,,,,,,,,,,,,1293,,,AR@000@2404-000,507.926553672,89903,647.531073446,114613,,,,,,,,,,,,,,,,,,,,,,,,,,,,,,,SY18-19,2404-000,OZARK SD,177,177,1044,249,77657,98317,12246,16296
,AR,,,,,,,,,,,,,,744,,,AR@000@6205-000,138.926136364,24451,432.556818182,76130,,,,,,,,,,,,,,,,,,,,,,,,,,,,,,,SY18-19,6205-000,PALESTINE-WHEATLEY SD,176,176,615,129,22001,65849,2450,10281
,AR,,,,,,,,,,,,,,468,,,AR@000@7309-000,213.062146893,37712,294.384180791,52106,,,,,,,,,,,,,,,,,,,,,,,,,,,,,,,SY18-19,7309-000,PANGBURN SD,177,177,382,86,32534,44149,5178,7957
,AR,,,,,,,,,,,,,,3468,,,AR@000@2808-000,940.186440678,166413,1589.983050847,281427,,,,,,,,,,,,,,,,,,,,,,,,,,,,,,,SY18-19,2808-000,PARAGOULD SD,177,177,3468,0,166413,281427,0,0
,AR,,,,,,,,,,,,,,1137,,,AR@000@4203-000,631.741573034,112450,616.539325843,109744,,,,,,,,,,,,,,,,,,,,,,,,,,,,,,,SY18-19,4203-000,PARIS SD,178,178,1137,0,112450,109744,0,0
,AR,,,,,,,,,,,,,,415,,,AR@000@7007-000,110.276836158,19519,229.598870056,40639,,,,,,,,,,,,,,,,,,,,,,,,,,,,,,,SY18-19,7007-000,PARKERS CHAPEL SD,177,177,307,108,15404,31957,4115,8682
,AR,,,,,,,,,,,,,,1032,,,AR@000@0407-000,353.775280899,62972,571.022471910,101642,,,,,,,,,,,,,,,,,,,,,,,,,,,,,,,SY18-19,0407-000,PEA RIDGE SD,178,178,750,282,49228,78119,13744,23523
,AR,,,,,,,,,,,,,,606,,,AR@000@5303-000,185.297297297,34280,391.605405405,72447,,,,,,,,,,,,,,,,,,,,,,,,,,,,,,,SY18-19,5303-000,PERRYVILLE SD,185,185,483,123,31493,59350,2787,13097
,AR,,,,,,,,,,,,,,586,,,AR@000@1104-000,247.294797688,42782,379.144508671,65592,,,,,,,,,,,,,,,,,,,,,,,,,,,,,,,SY18-19,1104-000,PIGGOTT SD,173,173,461,125,36662,53911,6120,11681
,AR,,,,,,,,,,,,,,3648,,,AR@000@3505-000,1538.299435028,272279,2336.651685393,415924,,,,,,,,,,,,,,,,,,,,,,,,,,,,,,,SY18-19,3505-000,PINE BLUFF SD,177,178,3648,0,272279,415924,0,0
,AR,,,,,,,,,,,,,,1346,,,AR@000@6103-000,583.474226804,113194,900.711340206,174738,,,,,,,,,,,,,,,,,,,,,,,,,,,,,,,SY18-19,6103-000,POCAHONTAS SD,194,194,1080,266,94596,143583,18598,31155
,AR,,,,,,,,,,,,,,877,,,AR@000@5804-000,234.337078652,41712,505.398876404,89961,,,,,,,,,,,,,,,,,,,,,,,,,,,,,,,SY18-19,5804-000,POTTSVILLE SD,178,178,675,202,34351,70442,7361,19519
,AR,,,,,,,,,,,,,,381,,,AR@000@2703-000,96.213483146,17126,177.308988764,31561,,,,,,,,,,,,,,,,,,,,,,,,,,,,,,,SY18-19,2703-000,POYEN SD,178,178,325,56,15511,27428,1615,4133
,AR,,,,,,,,,,,,,,961,,,AR@000@7206-000,448.107344633,79315,649.192090395,114907,,,,,,,,,,,,,,,,,,,,,,,,,,,,,,,SY18-19,7206-000,PRAIRIE GROVE SD,177,177,717,244,62979,87488,16336,27419
,AR,,,,,,,,,,,,,,1003,,,AR@000@5006-000,510.289772727,89811,549.488636364,96710,,,,,,,,,,,,,,,,,,,,,,,,,,,,,,,SY18-19,5006-000,PRESCOTT SD,176,176,1003,0,89811,96710,0,0
,AR,,,,,,,,,,,,,,7752,,,AR@000@6003-000,2657.340782123,475664,4605.368715084,824361,,,,,,,,,,,,,,,,,,,,,,,,,,,,,,,SY18-19,6003-000,PULASKI COUNTY SPECIAL SD,179,179,6606,1146,423939,729418,51725,94943
,AR,,,,,,,,,,,,,,443,,,AR@000@1203-000,218.16,38178,313.771428571,54910,,,,,,,,,,,,,,,,,,,,,,,,,,,,,,,SY18-19,1203-000,QUITMAN SD,175,175,363,80,32811,45833,5367,9077
,AR,,,,,,,,,,,,,,481,,,AR@000@1106-000,220.717514124,39067,320.672316384,56759,,,,,,,,,,,,,,,,,,,,,,,,,,,,,,,SY18-19,1106-000,RECTOR SD,177,177,381,100,31709,45810,7358,10949
,AR,,,,,,,,,,,,,,177,,,AR@000@6053-000,10.406593407,1894,50.692307692,9226,,,,,,,,,,,,,,,,,,,,,,,,,,,,,,,SY18-19,6053-000,RESPONSIVE ED SD,182,182,163,14,1713,8348,181,878
,AR,,,,,,,,,,,,,,943,,,AR@000@4706-000,479.022727273,84308,619.102272727,108962,,,,,,,,,,,,,,,,,,,,,,,,,,,,,,,SY18-19,4706-000,RIVERCREST SD,176,176,796,147,74804,95702,9504,13260
,AR,,,,,,,,,,,,,,584,,,AR@000@1613-000,236.448275862,41142,327.988571429,57398,,,,,,,,,,,,,,,,,,,,,,,,,,,,,,,SY18-19,1613-000,RIVERSIDE SD,174,175,430,154,33604,45575,7538,11823
,AR,,,,,,,,,,,,,,1051,,,AR@000@7307-000,482.016853933,85799,686.168539326,122138,,,,,,,,,,,,,,,,,,,,,,,,,,,,,,,SY18-19,7307-000,RIVERVIEW SD,178,178,874,177,74084,104430,11715,17708
,AR,,,,,,,,,,,,,,10450,,,AR@000@0405-000,4546.935483871,845730,6967.247311828,1295908,,,,,,,,,,,,,,,,,,,,,,,,,,,,,,,SY18-19,0405-000,ROGERS SD,186,186,8359,2091,703399,1064733,142331,231175
,AR,,,,,,,,,,,,,,582,,,AR@000@7310-000,210.074285714,36763,348.835227273,61395,,,,,,,,,,,,,,,,,,,,,,,,,,,,,,,SY18-19,7310-000,ROSE BUD SD,175,176,417,165,26989,44589,9774,16806
,AR,,,,,,,,,,,,,,3403,,,AR@000@5805-000,1812.460674157,322618,2428.258426966,432230,,,,,,,,,,,,,,,,,,,,,,,,,,,,,,,SY18-19,5805-000,RUSSELLVILLE SD,178,178,2866,537,279145,374671,43473,57559
,AR,,,,,,,,,,,,,,620,,,AR@000@2502-000,276.457142857,48380,437.228571429,76515,,,,,,,,,,,,,,,,,,,,,,,,,,,,,,,SY18-19,2502-000,SALEM SD,175,175,473,147,37663,57597,10717,18918
,AR,,,,,,,,,,,,,,257,,,AR@000@6060-000,143.212435233,27640,186.440414508,35983,,,,,,,,,,,,,,,,,,,,,,,,,,,,,,,SY18-19,6060-000,SCHOLARMADE ACHIEVEMENT SD,193,193,229,28,26145,34135,1495,1848
,AR,,,,,,,,,,,,,,268,,,AR@000@4204-000,57.958762887,11244,172.577319588,33480,,,,,,,,,,,,,,,,,,,,,,,,,,,,,,,SY18-19,4204-000,SCRANTON SD,194,194,210,58,9543,27570,1701,5910
,AR,,,,,,,,,,,,,,656,,,AR@000@6502-000,297.875,52426,431.789772727,75995,,,,,,,,,,,,,,,,,,,,,,,,,,,,,,,SY18-19,6502-000,SEARCY COUNTY SD,176,176,503,153,42871,61063,9555,14932
,AR,,,,,,,,,,,,,,2303,,,AR@000@7311-000,868.310734463,153691,1603.915254237,283893,,,,,,,,,,,,,,,,,,,,,,,,,,,,,,,SY18-19,7311-000,SEARCY SPECIAL SD,177,177,1851,452,130292,233658,23399,50235
,AR,,,,,,,,,,,,,,2280,,,AR@000@2705-000,685.880681818,120715,1398.420454545,246122,,,,,,,,,,,,,,,,,,,,,,,,,,,,,,,SY18-19,2705-000,SHERIDAN SD,176,176,1835,445,105047,206069,15668,40053
,AR,,,,,,,,,,,,,,369,,,AR@000@7104-000,123.703910615,22143,258.217877095,46221,,,,,,,,,,,,,,,,,,,,,,,,,,,,,,,SY18-19,7104-000,SHIRLEY SD,179,179,369,0,22143,46221,0,0
,AR,,,,,,,,,,,,,,145,,,AR@000@6052-000,8.859154930,1258,14.042253521,1994,,,,,,,,,,,,,,,,,,,,,,,,,,,,,,,SY18-19,6052-000,SIA TECH CHARTER SD,142,142,145,0,1258,1994,0,0
,AR,,,,,,,,,,,,,,2863,,,AR@000@0406-000,1211.096045198,214364,1864.192090395,329962,,,,,,,,,,,,,,,,,,,,,,,,,,,,,,,SY18-19,0406-000,SILOAM SPRINGS SD,177,177,2337,526,181211,275323,33153,54639
,AR,,,,,,,,,,,,,,560,,,AR@000@3806-000,199.755681818,35157,352.090909091,61968,,,,,,,,,,,,,,,,,,,,,,,,,,,,,,,SY18-19,3806-000,SLOAN-HENDRIX SD,176,176,454,106,30912,52324,4245,9644
,AR,,,,,,,,,,,,,,947,,,AR@000@7008-000,247.655367232,43835,428.983050847,75930,,,,,,,,,,,,,,,,,,,,,,,,,,,,,,,SY18-19,7008-000,SMACKOVER-NORPHLET SD,177,177,776,171,36868,63971,6967,11959
,AR,,,,,,,,,,,,,,1675,,,AR@000@1507-000,1091.146067416,194224,1294.022471910,230336,,,,,,,,,,,,,,,,,,,,,,,,,,,,,,,SY18-19,1507-000,SOUTH CONWAY COUNTY SD,178,178,1675,0,194224,230336,0,0
,AR,,,,,,,,,,,,,,643,,,AR@000@5504-000,270.471910112,48144,315.067415730,56082,,,,,,,,,,,,,,,,,,,,,,,,,,,,,,,SY18-19,5504-000,SOUTH PIKE COUNTY SD,178,178,546,97,42092,48239,6052,7843
,AR,,,,,,,,,,,,,,99,,,AR@000@3543-000,,0,24.472527473,4454,,,,,,,,,,,,,,,,,,,,,,,,,,,,,,,SY18-19,3543-000,SOUTHEAST ARKANSAS PREPARATORY,0,182,63,36,0,3821,0,633
,AR,,,,,,,,,,,,,,1638,,,AR@000@3209-000,635.921348315,113194,943.275280899,167903,,,,,,,,,,,,,,,,,,,,,,,,,,,,,,,SY18-19,3209-000,SOUTHSIDE (BATESVILLE),178,178,1268,370,90296,129821,22898,38082
,AR,,,,,,,,,,,,,,567,,,AR@000@7105-000,282.235955056,50238,225.735955056,40181,,,,,,,,,,,,,,,,,,,,,,,,,,,,,,,SY18-19,7105-000,"SOUTHSIDE-BEE
BRANCH SD",178,178,567,0,50238,40181,0,0
,AR,,,,,,,,,,,,,,347,,,AR@000@2906-000,127.525714286,22317,205.222857143,35914,,,,,,,,,,,,,,,,,,,,,,,,,,,,,,,SY18-19,2906-000,SPRING HILL,175,175,264,83,17819,28265,4498,7649
,AR,,,,,,,,,,,,,,17237,,,AR@000@7207-000,9186.314606742,1635164,13670.095505618,2433277,,,,,,,,,,,,,,,,,,,,,,,,,,,,,,,SY18-19,7207-000,SPRINGDALE SD,178,178,14612,2625,1430205,2093478,204959,339799
,AR,,,,,,,,,,,,,,1088,,,AR@000@4003-000,627.807909605,111122,666.836158192,118030,,,,,,,,,,,,,,,,,,,,,,,,,,,,,,,SY18-19,4003-000,STAR CITY SD,177,177,931,157,95943,103100,15179,14930
,AR,,,,,,,,,,,,,,303,,,AR@000@7009-000,174.870056497,30952,232.242937853,41107,,,,,,,,,,,,,,,,,,,,,,,,,,,,,,,SY18-19,7009-000,STRONG-HUTTIG SD,177,177,280,23,28902,38036,2050,3071
,AR,,,,,,,,,,,,,,1689,,,AR@000@0104-000,486.803370787,86651,876.768361582,155188,,,,,,,,,,,,,,,,,,,,,,,,,,,,,,,SY18-19,0104-000,STUTTGART SD,178,177,1689,0,86651,155188,0,0
,AR,,,,,,,,,,,,,,3252,,,AR@000@4605-000,1321.829383886,278906,1720.639810427,363055,,,,,,,,,,,,,,,,,,,,,,,,,,,,,,,SY18-19,4605-000,TEXARKANA SD,211,211,2963,289,264462,340508,14444,22547
,AR,,,,,,,,,,,,,,36,,,AR@000@7240-000,0.882022472,157,19.943820225,3550,,,,,,,,,,,,,,,,,,,,,,,,,,,,,,,SY18-19,7240-000,THE ACADEMY-HAAS HALL SD,178,178,26,10,114,2410,43,1140
,AR,,,,,,,,,,,,,,1749,,,AR@000@5605-000,626.588888889,112786,963.155555556,173368,,,,,,,,,,,,,,,,,,,,,,,,,,,,,,,SY18-19,5605-000,TRUMANN SD,180,180,1594,155,112786,173368,0,0
,AR,,,,,,,,,,,,,,947,,,AR@000@7510-000,481.303370787,85672,534.117977528,95073,,,,,,,,,,,,,,,,,,,,,,,,,,,,,,,SY18-19,7510-000,TWO RIVERS SD,178,178,947,0,85672,95073,0,0
,AR,,,,,,,,,,,,,,466,,,AR@000@0505-000,122.533707865,21811,258.938202247,46091,,,,,,,,,,,,,,,,,,,,,,,,,,,,,,,SY18-19,0505-000,VALLEY SPRINGS,178,178,362,104,16957,36046,4854,10045
,AR,,,,,,,,,,,,,,3507,,,AR@000@1612-000,252.517045455,44443,507.375,89298,,,,,,,,,,,,,,,,,,,,,,,,,,,,,,,SY18-19,1612-000,VALLEY VIEW SD,176,176,2457,1050,32131,63293,12312,26005
,AR,,,,,,,,,,,,,,3771,,,AR@000@1705-000,1272.841807910,225293,2422.858757062,428846,,,,,,,,,,,,,,,,,,,,,,,,,,,,,,,SY18-19,1705-000,VAN BUREN SD,177,177,3094,677,190896,359226,34397,69620
,AR,,,,,,,,,,,,,,2150,,,AR@000@2307-000,662.016853933,117839,1002.415730337,178430,,,,,,,,,,,,,,,,,,,,,,,,,,,,,,,SY18-19,2307-000,VILONIA SD,178,178,1671,479,94096,138631,23743,39799
,AR,,,,,,,,,,,,,,270,,,AR@000@2503-000,149.436781609,26002,185.568965517,32289,,,,,,,,,,,,,,,,,,,,,,,,,,,,,,,SY18-19,2503-000,VIOLA SD,174,174,200,70,19614,24660,6388,7629
,AR,,,,,,,,,,,,,,1281,,,AR@000@6401-000,562.719101124,100164,858.078651685,152738,,,,,,,,,,,,,,,,,,,,,,,,,,,,,,,SY18-19,6401-000,WALDRON SD,178,178,1055,226,84497,126995,15667,25743
,AR,,,,,,,,,,,,,,1614,,,AR@000@0602-000,741.803370787,132041,867.325842697,154384,,,,,,,,,,,,,,,,,,,,,,,,,,,,,,,SY18-19,0602-000,WARREN SD,178,178,1614,0,132041,154384,0,0
,AR,,,,,,,,,,,,,,2391,,,AR@000@3509-000,678.955307263,121533,1381.659217877,247317,,,,,,,,,,,,,,,,,,,,,,,,,,,,,,,SY18-19,3509-000,WATSON CHAPEL SD,179,179,2155,236,111452,224164,10081,23153
,AR,,,,,,,,,,,,,,635,,,AR@000@7208-000,300.005586592,53701,382.435754190,68456,,,,,,,,,,,,,,,,,,,,,,,,,,,,,,,SY18-19,7208-000,WEST FORK SD,179,179,448,187,40274,51580,13427,16876
,AR,,,,,,,,,,,,,,5192,,,AR@000@1803-000,3007.376404494,535313,3664.146067416,652218,,,,,,,,,,,,,,,,,,,,,,,,,,,,,,,SY18-19,1803-000,WEST MEMPHIS SD,178,178,5192,0,535313,652218,0,0
,AR,,,,,,,,,,,,,,499,,,AR@000@1204-000,105.353932584,18753,231.320224719,41175,,,,,,,,,,,,,,,,,,,,,,,,,,,,,,,SY18-19,1204-000,WEST SIDE (CLEBURNE) SD,178,178,499,0,18753,41175,0,0
,AR,,,,,,,,,,,,,,347,,,AR@000@7509-000,225.230337079,40091,269.702247191,48007,,,,,,,,,,,,,,,,,,,,,,,,,,,,,,,SY18-19,7509-000,WESTERN YELL COUNTY SD,178,178,283,64,33967,39486,6124,8521
,AR,,,,,,,,,,,,,,521,,,AR@000@3606-000,240.387640449,42789,379.820224719,67608,,,,,,,,,,,,,,,,,,,,,,,,,,,,,,,SY18-19,3606-000,WESTSIDE (JOHNSON) SD,178,178,432,89,35856,54645,6933,12963
,AR,,,,,,,,,,,,,,1062,,,AR@000@1602-000,487.704545455,85836,717.369318182,126257,,,,,,,,,,,,,,,,,,,,,,,,,,,,,,,SY18-19,1602-000,WESTSIDE CONS (CRAIGHEAD),176,176,798,264,70005,99862,15831,26395
,AR,,,,,,,,,,,,,,709,,,AR@000@7304-000,284.848314607,50703,387.842696629,69036,,,,,,,,,,,,,,,,,,,,,,,,,,,,,,,SY18-19,7304-000,WHITE COUNTY SD,178,178,563,146,42666,56761,8037,12275
,AR,,,,,,,,,,,,,,1487,,,AR@000@3510-000,449.971751412,79645,986.938202247,175675,,,,,,,,,,,,,,,,,,,,,,,,,,,,,,,SY18-19,3510-000,WHITE HALL SD,177,178,1192,295,67141,142690,12504,32985
,AR,,,,,,,,,,,,,,381,,,AR@000@1505-000,117.477528090,20911,217.140449438,38651,,,,,,,,,,,,,,,,,,,,,,,,,,,,,,,SY18-19,1505-000,WONDERVIEW SD,178,178,299,82,17732,31428,3179,7223
,AR,,,,,,,,,,,,,,249,,,AR@000@1304-000,63.664804469,11396,153.770949721,27525,,,,,,,,,,,,,,,,,,,,,,,,,,,,,,,SY18-19,1304-000,WOODLAWN SD,179,179,199,50,9725,22233,1671,5292
,AR,,,,,,,,,,,,,,1694,,,AR@000@1905-000,1031.921348315,183682,1130.511235955,201231,,,,,,,,,,,,,,,,,,,,,,,,,,,,,,,SY18-19,1905-000,WYNNE SD,178,178,1426,268,159387,175325,24295,25906
,AR,,,,,,,,,,,,,,665,,,AR@000@4502-000,301.804597701,52514,407.971264368,70987,,,,,,,,,,,,,,,,,,,,,,,,,,,,,,,SY18-19,4502-000,YELLVILLE-SUMMIT SD,174,174,559,106,45904,61305,6610,9682
